% Model,Untitled.mph
% Version,COMSOL 6.1.0.357
% Date,"Apr 21 2024, 04:28"
% Dimension,1
% Nodes,10
% Expressions,1
% Description,Electric potential
% cln2x,V2 (V)
-2610,-1.63695877181547E-5
-2030,-2.8556463085582937E-5
-1450,-6.291872844195413E-5
-870.0000000000001,-1.5495902055601924E-4
-290.0000000000002,-5.129791707614215E-4
290.00000000000045,-0.007414666347327114
870.0000000000001,-7.973081538789129E-4
1450,-2.300694892593665E-4
2030,-1.05447276385548E-4
2610,-6.326855776850936E-5
