% Model,Untitled.mph
% Version,COMSOL 6.1.0.357
% Date,"Apr 19 2024, 21:41"
% Dimension,1
% Nodes,10
% Expressions,1
% Description,Electric potential
% cln2x,V2 (V)
-2610,-0.022090098149834404
-2030,-0.02648917040633108
-1450,-0.026510712257264757
-870.0000000000001,-0.02652447202073041
-290.0000000000002,-0.02984182831051258
290.00000000000045,-0.027154838474795297
870.0000000000001,-0.02688855211868345
1450,-0.026950914159303122
2030,-0.02710777768106758
2610,-0.04585796370339769
